tokens,"stories15M, no_quantize, rv64gc","stories15M, quantize, rv64gc","stories15M, quantize, rv64gcv","stories15M, quantize, rv64gcv_vifmm"
119,5.0,,,
120,,,,5.75
122,,,,5.5
123,8.0,,,
124,,5.0,5.0,
125,,4.5,4.5,
127,,6.5,6.5,
131,6.0,7.5,6.5,3.3333333333333335
132,,5.0,5.333333333333333,
134,,,,5.0
138,,4.666666666666666,5.333333333333334,7.333333333333333
139,,6.222222222222222,5.666666666666667,
140,,,,7.5
141,,6.222222222222222,5.888888888888889,
142,6.0,,,3.8333333333333335
143,8.666666666666666,4.0,4.0,
144,5.0,8.666666666666666,7.0,
145,,4.333333333333334,3.6666666666666665,
146,,4.444444444444445,4.444444444444445,4.333333333333333
147,,,,5.666666666666667
148,,5.333333333333333,6.333333333333333,
149,6.0,4.0,4.5,
150,5.166666666666667,6.0,6.0,
151,,,,5.0
153,,5.0,7.666666666666667,8.0
154,,6.666666666666667,5.0,
155,3.8333333333333335,4.666666666666667,5.333333333333333,8.0
156,7.333333333333333,5.0,4.666666666666666,2.0
157,,4.5,4.5,7.0
158,5.0,5.0,4.0,
159,4.0,3.1666666666666665,5.333333333333333,
160,5.833333333333333,4.666666666666666,4.833333333333334,8.666666666666666
161,5.833333333333333,,,
162,3.333333333333333,5.333333333333333,5.333333333333333,4.333333333333333
163,4.666666666666666,,,8.5
164,5.166666666666667,7.4444444444444455,7.4444444444444455,5.833333333333334
165,,4.444444444444445,4.444444444444445,6.166666666666666
166,,5.0,5.666666666666667,
167,4.866666666666666,,,8.333333333333332
168,6.0,4.5,4.75,5.0
169,5.25,6.333333333333333,7.333333333333333,5.0
170,5.666666666666666,6.333333333333334,4.333333333333334,6.0
171,6.4,4.0,4.0,7.0
172,5.333333333333333,4.666666666666667,6.083333333333333,4.777777777777778
173,3.6666666666666665,4.75,5.25,5.2666666666666675
174,4.5,8.0,7.0,3.0
175,,,,5.0
176,5.0,2.0,2.0,
177,8.0,6.0,7.333333333333333,7.0
178,3.4444444444444446,5.0,5.0,4.0
179,3.3333333333333335,6.0,5.5,4.166666666666666
180,4.133333333333334,,,5.916666666666666
181,5.0,5.6,5.4,6.333333333333333
182,5.0,,,6.333333333333333
183,6.0,4.222222222222222,4.888888888888889,
184,5.0,6.777777777777778,5.444444444444444,3.333333333333333
185,6.0,,,
186,5.166666666666667,3.833333333333333,4.5,4.466666666666667
187,3.6666666666666665,6.5,5.666666666666666,4.0
188,4.666666666666667,6.0,6.0,5.944444444444444
189,7.333333333333333,3.0,2.0,6.333333333333333
190,4.933333333333334,4.190476190476191,3.5714285714285716,2.0
191,6.533333333333333,6.75,6.833333333333334,6.0
192,6.0,6.083333333333334,7.333333333333333,3.3333333333333335
193,3.666666666666667,5.166666666666667,4.666666666666667,3.777777777777778
194,,6.583333333333334,6.666666666666667,4.0
195,4.083333333333333,4.833333333333334,7.333333333333333,2.3333333333333335
196,6.142857142857143,4.6,4.2,4.611111111111112
197,4.166666666666667,4.083333333333333,5.416666666666666,6.0
198,4.666666666666666,,,5.0
199,5.666666666666666,5.888888888888888,6.0,4.0
200,4.0,,,2.0
201,7.0,4.066666666666666,4.2,4.966666666666667
202,6.166666666666666,4.222222222222222,4.111111111111112,7.666666666666666
203,3.2666666666666666,8.0,6.0,
204,8.0,5.111111111111111,5.0,
205,4.666666666666667,4.75,4.166666666666667,5.0
206,7.466666666666666,6.916666666666667,6.666666666666667,6.0
207,6.166666666666667,4.0,5.666666666666667,3.6666666666666665
208,7.0,,,6.333333333333333
209,3.733333333333333,4.0,6.0,5.666666666666667
210,3.5,4.111111111111112,4.777777777777778,5.555555555555556
211,4.777777777777778,4.5,4.25,6.333333333333333
212,5.333333333333333,4.333333333333333,4.222222222222222,8.0
213,3.6666666666666665,6.666666666666667,6.0,3.833333333333333
214,6.5,4.833333333333333,4.666666666666667,4.888888888888889
215,4.476190476190476,4.5,6.333333333333333,3.5
216,3.3333333333333335,4.666666666666667,4.0,
217,4.833333333333333,,,5.833333333333334
218,6.0,4.75,4.5,3.6666666666666665
219,6.333333333333333,5.555555555555556,5.666666666666667,4.703703703703704
220,5.0,4.5,4.166666666666667,2.0
221,6.111111111111112,5.0,4.555555555555555,4.111111111111112
222,4.888888888888889,2.0,2.0,7.0
223,5.0,4.4,4.2666666666666675,3.3333333333333335
224,4.777777777777778,4.285714285714286,4.857142857142857,4.444444444444444
225,3.8888888888888893,3.0,3.3333333333333335,4.333333333333333
226,6.166666666666667,5.0,5.0,6.916666666666667
227,5.8,3.6666666666666665,3.7777777777777772,4.666666666666666
228,5.0,,,2.1666666666666665
229,3.6666666666666665,,,5.666666666666667
230,4.888888888888888,6.666666666666667,5.0,6.5
231,8.0,4.888888888888888,5.166666666666667,4.111111111111112
232,6.222222222222222,6.5,7.0,5.5
233,4.666666666666667,3.777777777777778,3.777777777777778,6.0
234,2.0,6.0,6.0,2.0
235,5.111111111111111,3.3333333333333335,2.0,5.0
236,,4.166666666666667,5.0,4.833333333333333
237,4.75,4.666666666666667,5.111111111111112,5.0
238,,8.0,7.888888888888888,
239,5.0,2.5,5.833333333333333,2.0
240,7.666666666666667,4.0,3.0,
241,,5.0,4.0,6.666666666666667
242,4.75,5.333333333333333,4.0,3.777777777777778
243,6.666666666666667,,,4.777777777777778
244,5.0,6.333333333333334,5.133333333333334,6.5
245,5.833333333333334,4.777777777777778,4.333333333333333,5.333333333333333
246,5.666666666666667,4.333333333333333,4.333333333333333,
247,,,,5.5
248,3.1666666666666665,4.916666666666667,4.416666666666667,4.333333333333333
249,3.6666666666666665,4.5,5.0,
250,4.333333333333333,4.333333333333333,4.333333333333333,5.333333333333333
251,5.666666666666667,,,5.333333333333333
252,3.5,,,3.5
253,4.777777777777778,,,7.666666666666667
254,5.333333333333333,,,5.25
