tokens,"stories15M, no_quantize, rv64gc","stories15M, quantize, rv64gc","stories15M, quantize, rv64gcv","stories15M, quantize, rv64gcv_vifmm",Grand Total
119,,,,5.397009,5.397009
120,1.2871,,,,1.2871
125,,1.0143,5.15263,,3.083465
131,,,,5.338538,5.338538
132,,1.013904,5.142457,,3.0781805
133,,1.014088,5.1435205,,3.07880425
139,1.283867,,,,1.283867
141,,,,5.311692,5.311692
146,,,,5.29608,5.29608
147,,1.01247,5.105874,,3.059172
152,,1.011994,5.090929,,3.0514615
153,1.281998,,,5.2890745,3.953382333
154,,1.01162,5.084386,,3.048003
155,,,,5.282065,5.282065
161,1.279775,,,5.267936,3.2738555
162,1.280044,,,,1.280044
163,,1.010861,5.065273,,3.038067
164,,,,5.279259,5.279259
165,1.27963,,,,1.27963
166,1.279509,,,,1.279509
167,,1.0103775,5.05112,,3.03074875
168,,1.0103265,5.0519125,,3.0311195
169,,1.010078,5.045703,5.239752,3.765177667
170,,1.010105,5.046378,,3.0282415
171,,,,5.242465,5.242465
174,1.27908,,,,1.27908
175,,,,5.252041,5.252041
177,,1.009858,5.038986,5.238034,3.762292667
178,,1.009025,5.019589,,3.014307
179,,1.009608,5.034023,,3.0218155
180,,1.008294,5.001561,,3.0049275
182,1.2771265,1.009009,5.0177185,5.2076385,3.127873125
184,,,,5.227525,5.227525
185,1.277618,,,,1.277618
186,1.276415,1.008899,5.016469,,2.433927667
187,,,,5.222669,5.222669
189,1.276038,1.008774,5.011189,,2.432000333
190,1.276123,,,5.20788,3.2420015
191,,1.008021,4.992132,,3.0000765
192,1.275966,1.008318,5.000267,5.185082,3.11740825
195,,,,5.173171,5.173171
196,1.275315,,,,1.275315
197,,,,5.165725,5.165725
198,1.275098333,1.0072605,4.976335,,2.256069429
199,1.275379,1.006817,4.963144,,2.415113333
202,1.2744635,,,5.182306,2.577077667
203,,1.007282,4.975096,,2.991189
204,1.274346,,,5.175228,3.224787
207,,,,5.1535255,5.1535255
208,,1.006947,4.968633,5.162841,3.712807
209,1.273674,,,5.165976,3.219825
210,,1.006413,4.952546,,2.9794795
211,,1.006576,4.957829333,,2.982202667
212,,1.006441,4.95566475,,2.981052875
213,1.2724795,1.006512,4.958054,,2.12738125
214,,1.006317,4.950572,5.128222,3.695037
215,1.272416,,,5.116444,2.553758667
217,,1.005979,4.94242,5.146383,3.698260667
218,1.27276,1.006034,4.94427,,2.407688
219,,,,5.141163,5.141163
220,,,,5.122416,5.122416
221,,,,5.117937,5.117937
223,1.2709915,,,,1.2709915
228,,1.005017,4.919658,,2.9623375
229,,,,5.095691,5.095691
233,,1.004318,4.902862,,2.95359
235,1.270086,1.004153,4.900152,,2.391463667
237,,,,5.09372,5.09372
238,,1.004218,4.902819,,2.9535185
239,1.269044,,,5.091298,3.180171
242,1.2689155,,,,1.2689155
243,1.268568,1.002873,4.870995,,2.380812
244,,,,5.066341,5.066341
250,1.2668145,,,5.0714345,3.1691245
252,1.267366,,,,1.267366
254,,1.001511,4.836155,,2.918833
